epic,company,url,alt_url,active
,Amcomri Group,https://amcomrigroup.com/investor-relations,,1
BRCK,Brickability,https://brickabilitygroupplc.com/investors/financial-timetable,,1
CBOX,Cake Box,https://cakeboxinvestors.com/investor-hub/financial-calendar/,,1
CGS,Castings,https://castings.plc.uk/investors/financial-calendar/,,1
GRG,Greggs,https://corporate.greggs.co.uk/investors/calendar-and-contacts,,1
XPP,XP Power,https://corporate.xppower.com/investors/financial-calendar,,1
DSCV,discoverIE,https://discoverieplc.com/investors/financial-calendar/default.aspx,,1
,Everplay Group,https://everplaygroupplc.com/financial-calendar,,1
,Fevara,https://fevara.com/investors/financial-calendar/,,1
TUNE,Focusrite,https://focusriteplc.com/investors/financial-calendar/,,1
TUNE,Focusrite,https://focusriteplc.com/investors/company-documents/,,1
GAMA,Gamma Communications,https://gammagroup.co/company/investors/financial-calendar/,,1
GTLY,Gateley,https://gateleyplc.com/investors/,,1
HERC,Hercules,https://hercules-construction.co.uk/share-information/,,1
GAW,Games Workshop,https://investor.games-workshop.com/financial-calendar,,1
,Winking Works,https://investor.winkingworks.com/financial-calendar,,1
FOUR,4imprint,https://investors.4imprint.com/investors/financial-calendar/,,1
AOM,ActiveOps,https://investors.activeops.com/investors/financial-calendar/,,1
BA.,BAE Systems,https://investors.baesystems.com/financial-calendar,,1
ECEL,Eurocell,https://investors.eurocell.co.uk/investors/financial-calendar/,,1
DATA,GlobalData,https://investors.globaldata.com/news-events-alerts/financial-calendar/,,1
KLR,Keller,https://investors.keller.com/financial-calendar,,1
MTEC,Made Tech,https://investors.madetech.com/share-information/,,1
NIOX,NIOX,https://investors.niox.com/investors/financial-calendar/,,1
PLUS,Plus500,https://investors.plus500.com/Shareholder#financial-calendar,,1
RPI,Raspberry Pi,https://investors.raspberrypi.com/financial-calendar,,1
TSTL,Tristel,https://investors.tristel.com/investor-hub/,,1
IOF,Iofina,https://iofina.com/investors/financial-calendar/,,1
RHIM,RHI Magnesita,https://ir.rhimagnesita.com/investors-old/events-calendar/,,1
KIST,Kistos,https://kistosplc.com/investors/financial-calendar/,,1
MEGP,ME Group,https://me-group.com/financial-information/,,1
OMG,Oxford Metrics,https://oxfordmetrics.com/financials,,1
RMV,Rightmove,https://plc.rightmove.co.uk/#financial_calendar,,1
,Princes Group,https://princesgroupinvestors.com/financial-calendar/,,1
SDG,Sanderson Design,https://sandersondesign.group/investors/financial-calendar/,,1
SDI,SDI Group,https://sdigroup.com/investors/financial-calendar/,,1
SNX,Synectics,https://synecticsplc.com/investors/calendar,,1
SYS1,System1,https://system1group.com/investors/shareholder-info,,1
TPFG,Property Franchise Group,https://thepropertyfranchisegroup.co.uk/financial-calendar,,1
TIME,Time Finance,https://timefinance.com/financial-results-calendar/,,1
WISE,Wise,https://wise.com/owners/,,1
ABDP,AB Dynamics,https://www.abdplc.com/investors/shareholder-services/financial-calendar/,,1
ADM,Admiral,https://www.admiralgroup.co.uk/investor-relations/financial-calendar,,1
AJB,AJ Bell,https://www.ajbell.co.uk/group/investor-relations/financial-calendar,,1
ALU,Alumasc,https://www.alumasc.co.uk/key-dates,,1
ANP,Anpario,https://www.anpario.com/investor/financial-calendar/,,1
AO.,AO World,https://www.ao-world.com/investor-centre/events-calendar/,,1
APN,Applied Nutrition,https://www.appliednutritionplc.com/financial-calendar/,,1
ASAI,ASA International,https://www.asa-international.com/investors/financial-calendar/,,1
AT.,Ashtead Technology,https://www.ashtead-technology.com/investors/financial-calendar/,,1
AV.,Aviva,https://www.aviva.com/investors/#key-dates,,1
AVON,Avon Technologies,https://www.avon-technologiesplc.com/investors/financial-calendar/,,1
BAB,Babcock,https://www.babcockinternational.com/investors/financial-calendar/,,1
BMY,Bloomsbury,https://www.bloomsbury-ir.co.uk/investor/i_dates.asp,,1
BNZL,Bunzl,https://www.bunzl.com/investors/shareholder-information/financial-calendar/,,1
CER,Cerillion,https://www.cerillion.com/investors/financial-calendar/,,1
CMCX,CMC Markets,https://www.cmcmarkets.com/group/investors/financial-calendar,,1
CABP,Crown Agents Bank,https://www.crownagentsbank.com/investors/corporate-reporting-and-regulatory-documents/#events,,1
CURY,Currys,https://www.currysplc.com/investors/financial-calendar/,,1
DGE,Diageo,https://www.diageo.com/en/investors/results-reports-and-events/financial-calendar,,1
DPLM,Diploma,https://www.diplomaplc.com/investors/financial-calendar/,,1
ELM,Elementis,https://www.elementis.com/investors/investor-information/financial-calendar/,,1
FORT,Forterra,https://www.forterra.co.uk/investors/financial-calendar/,,1
FOXT,Foxtons,https://www.foxtonsgroup.co.uk/investor-relations/financial-calendar,,1
FDEV,Frontier Developments,https://www.frontier.co.uk/investors/financial-information-and-calendar,,1
FRP,FRP Advisory,https://www.frpadvisory.com/investors/financial-calendar-and-dividends/,,1
GFRD,Galliford Try,https://www.gallifordtry.co.uk/investors/financial-calendar/,,1
GATC,Gattaca,https://www.gattacaplc.com/investors/financial-calendar/,,1
GBG,GB Group,https://www.gbgplc.com/investors/resources/financial-calendar/,,1
GNS,Genus,https://www.genusplc.com/investors/financial-calendar/,,1
GDWN,Goodwin,https://www.goodwin.co.uk/financial-calendar/,,1
HLMA,Halma,https://www.halma.com/investors/financial-calendar,,1
HDD,Hardide,https://www.hardide.com/investor-relations/financial-calendar/,,1
HAS,Hays,https://www.haysplc.com/investors/events-calendar,,1
HIK,Hikma,https://www.hikma.com/investors/financial-calendar/,,1
HOC,Hochschild Mining,https://www.hochschildmining.com/investors/financial-calendar/,,1
BOWL,Hollywood Bowl,https://www.hollywoodbowlgroup.com/investors/financial-calendar/,,1
HWDN,Howden Joinery,https://www.howdenjoinerygroupplc.com/investors/share-price/events-calendar.asp,,1
IBST,Ibstock,https://www.ibstock.co.uk/investors/shareholder-information#1gY6zxya09eYS9cTEUwppI,,1
IGG,IG Group,https://www.iggroup.com/investors/financial-calendar,,1
INF,Informa,https://www.informa.com/investors/financial-calendar/,,1
FSJ,James Fisher,https://www.james-fisher.com/investors/results-centre/financial-calendar/,,1
JET2,Jet2,https://www.jet2plc.com/en/calendar,,1
KNOS,Kainos,https://www.kainos.com/investor-relations/regulatory-news-and-events,,1
KEYS,Keystone Law,https://www.keystonelaw-ir.co.uk/content/investors/financial-calendar.asp,,1
KIE,Kier,https://www.kier.co.uk/investors/financial-calendar/,,1
KGH,Knights,https://www.knightsplc.com/company/investors/financial-calendar/,,1
LORD,Lords Group Trading,https://www.lordsgrouptradingplc.co.uk/financials/financial-calendar.asp,,1
LUCE,Luceco,https://www.lucecoplc.com/investors/financial-calendar,,1
MARS,Marston's,https://www.marstonspubs.co.uk/investors/,,1
MBH,MBH Corporation,https://www.mbhplc.co.uk/investor-relations/,,1
INF,Informa,https://www.mha.co.uk/investors/investor-information/financial-calendar,,1
SAAS,Microlise,https://www.microlise.com/investors/financial-calendar/,,1
MTO,Mitie,https://www.mitie.com/investors/financial-calendar/,,1
GLE,MJ Gleeson,https://www.mjgleesonplc.com/investors/financial-calendar/,,1
MGNS,Morgan Sindall,https://www.morgansindall.com/investors/corporate-calendar,,1
MAB1,Mortgage Advice Bureau,https://www.mortgageadvicebureau.com/investor-relations/investor-hub/,,1
MOTR,Motorpoint,https://www.motorpoint.co.uk/plc/investor-relations/financial-calendar,,1
MWE,MTI Wireless Edge,https://www.mti-investment.com/financial-calendar/,,1
NFG,Next 15,https://www.next15.com/investors/financial-calendar/,,1
NXT,Next,https://www.nextplc.co.uk/investors/financial-calendar,,1
OTB,On the Beach,https://www.onthebeachgroupplc.com/investor-centre/financial-calendar,,1
PEEL,Peel Hunt,https://www.peelhunt.com/investors/financial-calendar/,,1
PGH,Personal Group,https://www.personalgroup.com/financial-calendar,,1
PRV,Porvair,https://www.porvair.com/investors/financial-calendar,,1
PMI,Premier Miton,https://www.premiermiton.com/corporate/financial-calendar/,,1
QQ.,QinetiQ,https://www.qinetiq.com/en/investors/financial-calendar,,1
RFX,Ramsdens,https://www.ramsdensplc.com/investor-relations/financial-calendar,,1
REL,RELX,https://www.relx.com/investors/financial-calendar,,1
RSW,Renishaw,https://www.renishaw.com/en/financial-calendar--21982,,1
RST,Restore,https://www.restoreplc.com/investors/financial-calendar/,,1
RWA,Robert Walters,https://www.robertwalters.com/investor-relations/financial-calendar.html,https://otp.tools.investis.com/clients/uk/robertwalters2/EventCalendar/EventCalendar.aspx?culture=en-GB,1
RR.,Rolls-Royce,https://www.rolls-royce.com/investors/financial-calendar.aspx,,1
RWS,RWS,https://www.rws.com/about/investors/financial-calendar/,,1
SNR,Senior,https://www.seniorplc.com/investors/financial-calendar.aspx,,1
SRB,Serabi Gold,https://www.serabigold.com/investors/corporate-calendar/,,1
SRC,SigmaRoc,https://www.sigmaroc.com/investors/financial-calendar,,1
SN.,Smith+Nephew,https://www.smith-nephew.com/en/who-we-are/investors#events,,1
SCT,Softcat,https://www.softcat.com/about-us/investor-centre/calendar,,1
SDY,Speedy Hire,https://www.speedyhire.com/investors/financial-calendar/,,1
STAF,Staffline,https://www.stafflinegroupplc.co.uk/investor-relations/financial-calendar/,,1
STEM,SThree,https://www.sthree.com/en-gb/investor-centre/financial-highlights/#calendar,,1
STVG,STV,https://www.stvplc.tv/investors/financial-calendar/,,1
TEP,Telecom Plus,https://www.telecomplus.co.uk/site-services/financial-calendar,,1
,Beauty Tech Group,https://www.thebeautytechgroup.com/financial-calendar,,1
CCT,Character Group,https://www.thecharacter.com/financial-calendar/,,1
PEBB,Pebble Group,https://www.thepebblegroup.com/investors/financial-calendar/,,1
TPK,Travis Perkins,https://www.travisperkinsplc.co.uk/investors/financial-calendar/,,1
TRB,Tribal Group,https://www.tribalgroup.com/investors/announcements,,1
VLX,Volex,https://www.volex.com/investors,,1
FAN,Volution,https://www.volutiongroupplc.com/investors/financial-calendar,,1
VP.,Vp,https://www.vpplc.com/investors/financial-calendar/,,1
WIX,Wickes,https://www.wickesplc.co.uk/investors/investors-overview/financial-calendar/,,1
WIL,Wilmington,https://www.wilmingtonplc.com/investors/financial-calendar/,,1
WYN,Wynnstay,https://www.wynnstayplc.co.uk/investor-relations/financial-calendar-and-events,,1
INF,Informa,https://www.xpsgroup.com/investors/shareholder-information/investor-calendar/,,1
ZTF,Zotefoams,https://www.zotefoams.com/investors/financial-updates/,,1
ZIG,ZIGUP,https://zigup.com/investors/financial-calendar/,,1
